Model,R2,MSE,RMSE
DecisionTree,0.5646984251713192,23.183018253891866,4.814874687246997
LinearRegression,0.5152961257816788,25.814054929982483,5.080753382125773
